split,t0
train,20200001
train,20200007
train,20200013
train,20200019
train,20200025
train,20200031
train,20200037
train,20200043
train,20200049
train,20200055
train,20200061
train,20200067
train,20200073
train,20200079
train,20200085
train,20200091
train,20200157
train,20200163
train,20200169
train,20200175
train,20200181
train,20200187
train,20200193
train,20200199
train,20200205
train,20200211
train,20200217
train,20200223
train,20200229
train,20200235
train,20200241
train,20200247
train,20200289
train,20200295
train,20200301
train,20200307
train,20200313
train,20200319
train,20200325
train,20200331
train,20200337
train,20200343
train,20200349
train,20200355
train,20200361
train,20200367
train,20200373
train,20200379
train,20200385
train,20200391
train,20200397
train,20200403
train,20200409
train,20200415
train,20200421
train,20200427
train,20200433
train,20200439
train,20200445
train,20200451
train,20200457
train,20200463
train,20200469
train,20200475
train,20200481
train,20200487
train,20200493
train,20200499
train,20200601
train,20200607
train,20200613
train,20200619
train,20200655
train,20200661
train,20200667
train,20200673
train,20200679
train,20200685
train,20200691
train,20200697
train,20200703
train,20200709
train,20200715
train,20200721
train,20200727
train,20200733
train,20200739
train,20200745
train,20200751
train,20200757
train,20200763
train,20200793
train,20200799
train,20200805
train,20200811
train,20200817
train,20200823
train,20200829
train,20200835
train,20200841
train,20200847
train,20200853
train,20200859
train,20200865
train,20200871
train,20200877
train,20200883
train,20200889
train,20200895
train,20200901
train,20200907
train,20200913
train,20200919
train,20200925
train,20200931
train,20200937
train,20200943
train,20200949
train,20200955
train,20200961
train,20200967
train,20200973
train,20200979
train,20200985
train,20200991
train,20200997
train,20201003
train,20201009
train,20201015
train,20201021
train,20201027
train,20201033
train,20201039
train,20201045
train,20201051
train,20201057
train,20201063
train,20201069
train,20201075
train,20201081
train,20201087
train,20201093
train,20201099
train,20201105
train,20201111
train,20201117
train,20201123
train,20201147
train,20201153
train,20201159
train,20201165
train,20201171
train,20201177
train,20201183
train,20201189
train,20201195
train,20201201
train,20201207
train,20201213
train,20201219
train,20201225
train,20201231
train,20201237
train,20201243
train,20201249
train,20201255
train,20201261
train,20201267
train,20201273
train,20201279
train,20201285
train,20201291
train,20201297
train,20201303
train,20201309
train,20201315
train,20201321
train,20201327
train,20201333
train,20201339
train,20201345
train,20201351
train,20201357
train,20201363
train,20201369
train,20201375
train,20201381
train,20201387
train,20201393
train,20201399
train,20201405
train,20201411
train,20201417
train,20201423
train,20201429
train,20201435
train,20201441
train,20201447
train,20201453
train,20201459
train,20201465
train,20201471
train,20201477
train,20201483
train,20201489
train,20201495
train,20201501
train,20201507
train,20201513
train,20201519
train,20201525
train,20201531
train,20201537
train,20201543
train,20201549
train,20201555
train,20201561
train,20201567
train,20201573
train,20201579
train,20201585
train,20201591
train,20201597
train,20201603
train,20201609
train,20201615
train,20201621
train,20201627
train,20201633
train,20201639
train,20201645
train,20201651
train,20201657
train,20201663
train,20201669
train,20201675
train,20201681
train,20201687
train,20201693
train,20201699
train,20201705
train,20201711
train,20201717
train,20201723
train,20201729
train,20201735
train,20201741
train,20201747
train,20201753
train,20201759
train,20201765
train,20201771
train,20201777
train,20201783
train,20201789
train,20201795
train,20201801
train,20201807
train,20201813
train,20201819
train,20201825
train,20201831
train,20201837
train,20201843
train,20201849
train,20201855
train,20201909
train,20201915
train,20201921
train,20201969
train,20201975
train,20202023
train,20202029
train,20202035
train,20202041
train,20202065
train,20202071
train,20202077
train,20202083
train,20202089
train,20202095
train,20202101
train,20202107
train,20202113
train,20202119
train,20202125
train,20202131
train,20202137
train,20202143
train,20202149
train,20202179
train,20202185
train,20202191
train,20202197
train,20202203
train,20202209
train,20202215
train,20202221
train,20202227
train,20202233
train,20202239
train,20202245
train,20202251
train,20202257
train,20202263
train,20202269
train,20202275
train,20202281
train,20202287
train,20202293
train,20202299
train,20202305
train,20202311
train,20202317
train,20202323
train,20202359
train,20202365
train,20202371
train,20202377
train,20202383
train,20202389
train,20202395
train,20202461
train,20202467
train,20202473
train,20202479
train,20202485
train,20202491
train,20202527
train,20202533
train,20202539
train,20202635
train,20202641
train,20202647
train,20202653
train,20202659
train,20202665
train,20202671
train,20202677
train,20202683
train,20202689
train,20202695
train,20202701
train,20202707
train,20202713
train,20202815
train,20202821
train,20202827
train,20202833
train,20202839
train,20202845
train,20202851
train,20202857
train,20202863
train,20202869
train,20202875
train,20202881
train,20202887
train,20202893
train,20202899
train,20202905
train,20202911
train,20202917
train,20202923
train,20202929
train,20202935
train,20202941
train,20202947
train,20203127
train,20203133
train,20203139
train,20203145
train,20203151
train,20203157
train,20203163
train,20203169
train,20203175
train,20203313
train,20203319
train,20203325
train,20203331
train,20203337
train,20203343
train,20203349
train,20203355
train,20203361
train,20203367
train,20203373
train,20203379
train,20203385
train,20203391
train,20203397
train,20203403
train,20203409
train,20203415
train,20203421
train,20203427
train,20203433
train,20203439
train,20203445
train,20203451
train,20203457
train,20203463
train,20203469
train,20203475
train,20203481
train,20203487
train,20203493
train,20203499
train,20203505
train,20203511
train,20203517
train,20203523
train,20203529
train,20203535
train,20203541
train,20203547
train,20203553
train,20203559
train,20203565
train,20203583
train,20203589
train,20203595
train,20203601
train,20203607
train,20203613
train,20203655
train,20203733
train,20203739
train,20203745
train,20203751
train,20203757
train,20203859
train,20203865
train,20203949
train,20203955
train,20203961
train,20203967
train,20203973
train,20203979
train,20203985
train,20203991
train,20203997
train,20204093
train,20204297
train,20204519
train,20204525
train,20204531
train,20204537
train,20204543
train,20204549
train,20204555
train,20204561
train,20204567
train,20204573
train,20204579
train,20204585
train,20204591
train,20204597
train,20204645
train,20204651
train,20204657
train,20204663
train,20204669
train,20204675
train,20204681
train,20204687
train,20204693
train,20204699
train,20204705
train,20204711
train,20204717
train,20204723
train,20204729
train,20204735
train,20204741
train,20204747
train,20204753
train,20204759
train,20204765
train,20204771
train,20204777
train,20204783
train,20204951
train,20204957
train,20204963
train,20204969
train,20204975
train,20204981
train,20204987
train,20204993
train,20204999
train,20205005
train,20205011
train,20205017
train,20205023
train,20205029
train,20205035
train,20205041
train,20205047
train,20205053
train,20205059
train,20205065
train,20205071
train,20205077
train,20205161
train,20205167
train,20205173
train,20205179
train,20205185
train,20205371
train,20205377
train,20205383
train,20205743
train,20205749
train,20205755
train,20205761
train,20206103
train,20206109
train,20206115
train,20206121
train,20206325
train,20206331
train,20206361
train,20206469
train,20206475
train,20206481
train,20206487
train,20206493
train,20206499
train,20206505
train,20206511
train,20206517
train,20206523
train,20206529
train,20206535
train,20206697
train,20206703
train,20206709
train,20206715
train,20206721
train,20206727
train,20206733
train,20206739
train,20206829
train,20206835
train,20206841
train,20206847
train,20206853
train,20206859
train,20206865
train,20206871
train,20206877
train,20206883
train,20206889
train,20206895
train,20206901
train,20206907
train,20206913
train,20206925
train,20206931
train,20206937
train,20206943
train,20206949
train,20206955
train,20206961
train,20206967
train,20206973
train,20206979
train,20206985
train,20206991
train,20206997
train,20207003
train,20207009
train,20207015
train,20207045
train,20207051
train,20207057
train,20207063
train,20207069
train,20207075
train,20207081
train,20207087
train,20207093
train,20207099
train,20207105
train,20207111
train,20207117
train,20207123
train,20207129
train,20207135
train,20207141
train,20207147
train,20207153
train,20207465
train,20207471
train,20207477
train,20207483
train,20207489
train,20207495
train,20207939
train,20207945
train,20207951
train,20207957
train,20207963
train,20207969
train,20207975
train,20207981
train,20207987
train,20207993
train,20207999
train,20208005
train,20208011
train,20208017
train,20208023
train,20208029
train,20208035
train,20208041
train,20208047
train,20208053
train,20208059
train,20208065
train,20208071
train,20208077
train,20208083
train,20208089
train,20208095
train,20208101
train,20208107
train,20208113
train,20208707
train,20208713
train,20208719
train,20210001
train,20210007
train,20210013
train,20210019
train,20210025
train,20210031
train,20210037
train,20210043
train,20210049
train,20210055
train,20210085
train,20210091
train,20210097
train,20210103
train,20210109
train,20210115
train,20210121
train,20210127
train,20210133
train,20210139
train,20210145
train,20210151
train,20210157
train,20210163
train,20210169
train,20210175
train,20210181
train,20210187
train,20210193
train,20210199
train,20210205
train,20210211
train,20210217
train,20210223
train,20210229
train,20210235
train,20210241
train,20210247
train,20210253
train,20210259
train,20210265
train,20210337
train,20210367
train,20210373
train,20210379
train,20210385
train,20210391
train,20210397
train,20210403
train,20210409
train,20210415
train,20210421
train,20210427
train,20210433
train,20210439
train,20210445
train,20210451
train,20210457
train,20210463
train,20210469
train,20210475
train,20210481
train,20210487
train,20210493
train,20210499
train,20210505
train,20210511
train,20210517
train,20210523
train,20210529
train,20210535
train,20210541
train,20210547
train,20210553
train,20210559
train,20210565
train,20210571
train,20210577
train,20210583
train,20210589
train,20210595
train,20210601
train,20210607
train,20210613
train,20210619
train,20210625
train,20210631
train,20210637
train,20210685
train,20210691
train,20210697
train,20210721
train,20210727
train,20210733
train,20210739
train,20210745
train,20210751
train,20210757
train,20210763
train,20210769
train,20210775
train,20210781
train,20210787
train,20210793
train,20210799
train,20210805
train,20210811
train,20210817
train,20210823
train,20210829
train,20210835
train,20210841
train,20210847
train,20210853
train,20210859
train,20210865
train,20210871
train,20210877
train,20210883
train,20210889
train,20210895
train,20210901
train,20210907
train,20210913
train,20210919
train,20210925
train,20210931
train,20210937
train,20210943
train,20210949
train,20210955
train,20210961
train,20210967
train,20210973
train,20210979
train,20210985
train,20210991
train,20210997
train,20211003
train,20211009
train,20211015
train,20211021
train,20211027
train,20211033
train,20211039
train,20211117
train,20211123
train,20211129
train,20211135
train,20211141
train,20211147
train,20211153
train,20211159
train,20211165
train,20211171
train,20211177
train,20211183
train,20211189
train,20211195
train,20211201
train,20211255
train,20211285
train,20211291
train,20211297
train,20211303
train,20211309
train,20211315
train,20211321
train,20211327
train,20211333
train,20211339
train,20211345
train,20211351
train,20211357
train,20211363
train,20211369
train,20211375
train,20211381
train,20211387
train,20211393
train,20211399
train,20211405
train,20211411
train,20211417
train,20211423
train,20211429
train,20211435
train,20211441
train,20211447
train,20211453
train,20211459
train,20211465
train,20211471
train,20211477
train,20211483
train,20211489
train,20211495
train,20211501
train,20211507
train,20211513
train,20211519
train,20211525
train,20211531
train,20211537
train,20211543
train,20211549
train,20211555
train,20211561
train,20211567
train,20211573
train,20211579
train,20211585
train,20211591
train,20211597
train,20211603
train,20211609
train,20211615
train,20211621
train,20211627
train,20211633
train,20211639
train,20211645
train,20211651
train,20211657
train,20211663
train,20211669
train,20211675
train,20211681
train,20211687
train,20211693
train,20211699
train,20211705
train,20211711
train,20211717
train,20211723
train,20211729
train,20211819
train,20211825
train,20211831
train,20211855
train,20211861
train,20211867
train,20211873
train,20211879
train,20211885
train,20211891
train,20211897
train,20211903
train,20211909
train,20211915
train,20211921
train,20211927
train,20211933
train,20211939
train,20211945
train,20211951
train,20211957
train,20211963
train,20211969
train,20211975
train,20212017
train,20212023
train,20212029
train,20212035
train,20212041
train,20212047
train,20212053
train,20212089
train,20212095
train,20212101
train,20212107
train,20212113
train,20212119
train,20212149
train,20212155
train,20212161
train,20212167
train,20212173
train,20212179
train,20212185
train,20212191
train,20212197
train,20212203
train,20212209
train,20212215
train,20212221
train,20212227
train,20212233
train,20212239
train,20212245
train,20212251
train,20212257
train,20212263
train,20212269
train,20212275
train,20212281
train,20212287
train,20212293
train,20212299
train,20212305
train,20212311
train,20212317
train,20212323
train,20212329
train,20212335
train,20212341
train,20212347
train,20212353
train,20212359
train,20212365
train,20212371
train,20212377
train,20212383
train,20212389
train,20212395
train,20212401
train,20212407
train,20212413
train,20212419
train,20212425
train,20212431
train,20212437
train,20212443
train,20212449
train,20212455
train,20212461
train,20212467
train,20212473
train,20212479
train,20212485
train,20212491
train,20212497
train,20212503
train,20212509
train,20212515
train,20212521
train,20212527
train,20212533
train,20212539
train,20212545
train,20212551
train,20212557
train,20212563
train,20212569
train,20212575
train,20212581
train,20212587
train,20212593
train,20212599
train,20212605
train,20212611
train,20212617
train,20212623
train,20212629
train,20212635
train,20212641
train,20212647
train,20212653
train,20212659
train,20212713
train,20212719
train,20212725
train,20212731
train,20212737
train,20212743
train,20212749
train,20212755
train,20212761
train,20212767
train,20212773
train,20212779
train,20212785
train,20212791
train,20212797
train,20212803
train,20212809
train,20212815
train,20212821
train,20212827
train,20212833
train,20212839
train,20212845
train,20212851
train,20212857
train,20212863
train,20212869
train,20212875
train,20212881
train,20212887
train,20212893
train,20212899
train,20212905
train,20212911
train,20212917
train,20212923
train,20212929
train,20212935
train,20212941
train,20212947
train,20212953
train,20212959
train,20212965
train,20212971
train,20212977
train,20212983
train,20212989
train,20212995
train,20213001
train,20213007
train,20213013
train,20213019
train,20213025
train,20213031
train,20213037
train,20213043
train,20213049
train,20213055
train,20213061
train,20213067
train,20213073
train,20213079
train,20213085
train,20213091
train,20213097
train,20213103
train,20213181
train,20213187
train,20213193
train,20213199
train,20213205
train,20213211
train,20213217
train,20213223
train,20213229
train,20213235
train,20213241
train,20213247
train,20213253
train,20213259
train,20213265
train,20213271
train,20213277
train,20213283
train,20213289
train,20213295
train,20213325
train,20213331
train,20213337
train,20213343
train,20213349
train,20213355
train,20213361
train,20213367
train,20213373
train,20213379
train,20213385
train,20213391
train,20213397
train,20213403
train,20213409
train,20213415
train,20213421
train,20213427
train,20213433
train,20213439
train,20213445
train,20213451
train,20213457
train,20213463
train,20213469
train,20213475
train,20213481
train,20213487
train,20213493
train,20213499
train,20213571
train,20213637
train,20213643
train,20213649
train,20213655
train,20213757
train,20213763
train,20213769
train,20213775
train,20213781
train,20213961
train,20213967
train,20213973
train,20213979
train,20213985
train,20213991
train,20213997
train,20214003
train,20214009
train,20214159
train,20214165
train,20214171
train,20214177
train,20214183
train,20214189
train,20214195
train,20214201
train,20214207
train,20214213
train,20214219
train,20214225
train,20214231
train,20214237
train,20214381
train,20214387
train,20214393
train,20214399
train,20214405
train,20214411
train,20214459
train,20214465
train,20214471
train,20214477
train,20214483
train,20214489
train,20214495
train,20214597
train,20214603
train,20214609
train,20214615
train,20214621
train,20214627
train,20214633
train,20214639
train,20214741
train,20214747
train,20214825
train,20214831
train,20214837
train,20214843
train,20214849
train,20215029
train,20215035
train,20215041
train,20215047
train,20215053
train,20215059
train,20215065
train,20215071
train,20215077
train,20215083
train,20215089
train,20215095
train,20215179
train,20215185
train,20215587
train,20215593
train,20215599
train,20215917
train,20215923
train,20215929
train,20215935
train,20215941
train,20215947
train,20215953
train,20215959
train,20215965
train,20215971
train,20215977
train,20215983
train,20216253
train,20216259
train,20216265
train,20216631
train,20216637
train,20216643
train,20216649
train,20216655
train,20216661
train,20216667
train,20216673
train,20216727
train,20216733
train,20216739
train,20216745
train,20216751
train,20216757
train,20216763
train,20216769
train,20216775
train,20216781
train,20216787
train,20216793
train,20216799
train,20216805
train,20216811
train,20216817
train,20216823
train,20216829
train,20216835
train,20216841
train,20216847
train,20216853
train,20216859
train,20216865
train,20216871
train,20217045
train,20217051
train,20217057
train,20217063
train,20217069
train,20217075
train,20217081
train,20217093
train,20217099
train,20217105
train,20217111
train,20217135
train,20217141
train,20217147
train,20217153
train,20217159
train,20217165
train,20217171
train,20217177
train,20217183
train,20217189
train,20217285
train,20217291
train,20217297
train,20217303
train,20217807
train,20217813
train,20217819
train,20217825
train,20217831
train,20217837
train,20217843
train,20217849
train,20217933
train,20217939
train,20217945
train,20217951
train,20217981
train,20217987
train,20217993
train,20218113
train,20218119
train,20218251
train,20218257
train,20218263
train,20218269
train,20218275
train,20218281
train,20218287
train,20218293
train,20218299
train,20218305
train,20218311
train,20218317
train,20218323
train,20218329
train,20218335
train,20218413
train,20218419
train,20218425
train,20218473
train,20218515
train,20218521
train,20218587
train,20218593
train,20218599
train,20218629
train,20218635
train,20218641
train,20218647
train,20218653
train,20218659
train,20218665
train,20218671
train,20218677
train,20218683
train,20218689
